"AverageShortestPathLength","BetweennessCentrality","ClosenessCentrality","ClusteringCoefficient","Degree","Eccentricity","EdgeCount","Indegree","IsSingleNode","name","NeighborhoodConnectivity","NumberOfDirectedEdges","NumberOfUndirectedEdges","Outdegree","PartnerOfMultiEdgedNodePairs","Radiality","selected","SelfLoops","shared name","Stress","TopologicalCoefficient"
"2.847682119205298","0.013272882667033897","0.3511627906976744","0.4642857142857143","8","5","8","0","false","Addam-Marbrand","25.125","0","8","8","0","0.9686833539117746","false","0","Addam-Marbrand","4634","0.26171875"
"3.8410596026490067","0.0","0.2603448275862069","1.0","2","6","2","1","false","Gyles-Rosby","5.0","0","2","1","0","0.9518464474127287","false","0","Gyles-Rosby","0","0.625"
"2.2880794701986753","0.12449090663178375","0.4370477568740955","0.17272727272727273","45","4","45","19","false","Jaime-Lannister","15.88888888888889","0","45","26","0","0.9781681445729038","false","0","Jaime-Lannister","62584","0.08564564564564564"
"3.8410596026490067","0.0","0.2603448275862069","1.0","2","6","2","2","false","Jalabhar-Xho","5.0","0","2","0","0","0.9518464474127287","false","0","Jalabhar-Xho","0","0.625"
"2.109271523178808","0.1418908712274216","0.4740973312401884","0.1926530612244898","50","4","50","18","false","Joffrey-Baratheon","17.56","0","50","32","0","0.9811987877427322","false","0","Joffrey-Baratheon","67642","0.07634782608695652"
"2.8609271523178808","0.004259856771573007","0.34953703703703703","0.5272727272727272","11","5","11","3","false","Kevan-Lannister","24.90909090909091","0","11","8","0","0.9684588618251208","false","0","Kevan-Lannister","2882","0.25585754451733833"
"2.665562913907285","0.01106593614851679","0.37515527950310557","0.375","16","5","16","12","false","Oberyn-Martell","21.8125","0","16","4","0","0.9717701201032664","false","0","Oberyn-Martell","5498","0.1875"
"2.185430463576159","0.15409096601718397","0.4575757575757576","0.14202220923436587","59","4","59","54","false","Tyrion-Lannister","13.94915254237288","0","59","5","0","0.9799079582444719","false","0","Tyrion-Lannister","73774","0.07082324455205811"
"2.6556291390728477","0.009644858287632703","0.3765586034912718","0.45","16","5","16","16","false","Varys","22.625","0","16","0","0","0.9719384891682568","false","0","Varys","4396","0.18960084033613445"
"3.2119205298013247","7.614450136260953E-5","0.311340206185567","0.6666666666666666","4","6","4","0","false","Aegon-Frey-(son-of-Stevron)","25.5","0","4","4","0","0.962509821528791","false","0","Aegon-Frey-(son-of-Stevron)","30","0.4322033898305085"
"2.447019867549669","0.0749384821478828","0.40866035182679294","0.16358463726884778","38","5","38","6","false","Catelyn-Stark","15.18421052631579","0","38","32","0","0.9754742395330565","false","0","Catelyn-Stark","44584","0.0873136598722239"
"2.271523178807947","0.16232085177685465","0.44023323615160354","0.11649659863945579","49","5","49","31","false","Robb-Stark","13.142857142857142","0","49","18","0","0.9784487596812212","false","0","Robb-Stark","76040","0.06361373817819811"
"3.2582781456953644","7.333905377952813E-6","0.30691056910569103","0.6666666666666666","3","6","3","3","false","Stevron-Frey","19.666666666666668","0","3","0","0","0.9617240992255023","false","0","Stevron-Frey","2","0.3933333333333333"
"3.0264900662251657","0.004963592755464464","0.3304157549234136","0.4090909090909091","12","5","12","12","false","Walder-Frey","15.083333333333334","0","12","0","0","0.9656527107419464","false","0","Walder-Frey","3520","0.20270270270270271"
"3.076158940397351","0.007508835539835035","0.32508073196986004","0.0","3","6","3","0","false","Aegon-I-Targaryen","19.0","0","3","3","0","0.9648108654169941","false","0","Aegon-I-Targaryen","5124","0.33962264150943394"
"3.0596026490066226","0.13649086892642945","0.3268398268398268","0.11594202898550725","24","6","24","7","false","Daenerys-Targaryen","5.333333333333333","0","24","17","0","0.9650914805253115","false","0","Daenerys-Targaryen","75786","0.09645061728395062"
"2.2781456953642385","0.10901720808164447","0.438953488372093","0.17419354838709677","31","5","31","28","false","Stannis-Baratheon","17.64516129032258","0","31","3","0","0.9783365136378943","false","0","Stannis-Baratheon","54468","0.0870328968380709"
"3.225165562913907","1.2398374660819986E-4","0.3100616016427105","0.0","2","6","2","2","false","Torrhen-Stark","9.5","0","2","0","0","0.9622853294421372","false","0","Torrhen-Stark","82","0.5"
"3.9172185430463577","0.0","0.25528317836010145","0.0","1","6","1","0","false","Aegon-Targaryen-(son-of-Rhaegar)","7.0","0","1","1","0","0.9505556179144685","false","0","Aegon-Targaryen-(son-of-Rhaegar)","0","0.0"
"2.9205298013245033","0.009067313540041652","0.3424036281179138","0.47619047619047616","7","5","7","2","false","Elia-Martell","27.0","0","7","5","0","0.9674486474351779","false","0","Elia-Martell","6588","0.2968253968253968"
"3.2847682119205297","0.0","0.30443548387096775","0.0","1","5","1","0","false","Aemon-Targaryen-(Dragonknight)","45.0","0","1","1","0","0.9612751150521944","false","0","Aemon-Targaryen-(Dragonknight)","0","0.0"
"2.7417218543046356","0.020222474339068295","0.3647342995169082","0.3464052287581699","18","6","18","0","false","Aemon-Targaryen-(Maester-Aemon)","15.61111111111111","0","18","18","0","0.9704792906050062","false","0","Aemon-Targaryen-(Maester-Aemon)","11828","0.15102481121898598"
"2.9735099337748343","4.2690748854735825E-4","0.3363028953229399","0.8095238095238095","7","6","7","1","false","Alliser-Thorne","24.857142857142858","0","7","6","0","0.9665506790885621","false","0","Alliser-Thorne","370","0.2761904761904762"
"3.2350993377483444","1.7065709986767248E-4","0.3091095189355169","0.8333333333333334","4","6","4","1","false","Clydas","26.75","0","4","3","0","0.9621169603771467","false","0","Clydas","200","0.39925373134328357"
"2.980132450331126","0.0026340485197801893","0.33555555555555555","0.6666666666666666","9","6","9","2","false","Cotter-Pyke","20.22222222222222","0","9","7","0","0.9664384330452351","false","0","Cotter-Pyke","2624","0.2297979797979798"
"3.437086092715232","1.0108388800184184E-4","0.2909441233140655","0.75","8","6","8","3","false","Denys-Mallister","13.875","0","8","5","0","0.958693456055674","false","0","Denys-Mallister","174","0.3557692307692308"
"2.986754966887417","0.0013068978769742764","0.3348115299334812","0.4642857142857143","8","6","8","2","false","Donal-Noye","20.375","0","8","6","0","0.9663261870019082","false","0","Donal-Noye","958","0.23970588235294119"
"3.3940397350993377","0.007315953357755436","0.2946341463414634","0.44871794871794873","13","6","13","7","false","Eddison-Tollett","11.538461538461538","0","13","6","0","0.9594230553372993","false","0","Eddison-Tollett","4666","0.26654740608228983"
"3.1258278145695364","0.002830205400653216","0.3199152542372881","0.48484848484848486","12","6","12","5","false","Grenn","15.833333333333334","0","12","7","0","0.9639690200920418","false","0","Grenn","2478","0.2199074074074074"
"3.437086092715232","2.2237381102388043E-4","0.2909441233140655","0.47619047619047616","7","6","7","3","false","Hobb","13.0","0","7","4","0","0.958693456055674","false","0","Hobb","278","0.325"
"2.705298013245033","0.010833415117358556","0.36964504283965727","0.4727272727272727","11","5","11","5","false","Janos-Slynt","22.90909090909091","0","11","6","0","0.9710966438433045","false","0","Janos-Slynt","7824","0.17096336499321574"
"2.728476821192053","0.047668332074498464","0.36650485436893204","0.23529411764705882","18","5","18","10","false","Jeor-Mormont","14.666666666666666","0","18","8","0","0.9707037826916601","false","0","Jeor-Mormont","21310","0.11693548387096774"
"2.3046357615894038","0.22382860568825858","0.43390804597701155","0.10256410256410256","52","5","52","28","false","Jon-Snow","10.865384615384615","0","52","24","0","0.9778875294645863","false","0","Jon-Snow","94122","0.0603781693167168"
"2.7317880794701987","0.03148616730888155","0.36606060606060603","0.22943722943722944","22","5","22","12","false","Mance-Rayder","13.045454545454545","0","22","10","0","0.9706476596699967","false","0","Mance-Rayder","15110","0.11264822134387352"
"2.9006622516556293","0.004771259986380487","0.3447488584474886","0.4666666666666667","10","6","10","6","false","Owen","15.3","0","10","4","0","0.9677853855651588","false","0","Owen","2846","0.19615384615384615"
"3.19205298013245","0.0016280459550249895","0.3132780082987552","0.48484848484848486","12","6","12","10","false","Pypar","16.416666666666668","0","12","2","0","0.962846559658772","false","0","Pypar","1530","0.23452380952380952"
"2.281456953642384","0.16643540103584123","0.43831640058055155","0.24923076923076923","26","5","26","18","false","Robert-Baratheon","22.26923076923077","0","26","8","0","0.9782803906162308","false","0","Robert-Baratheon","95784","0.10863039399624766"
"2.8178807947019866","0.04629072229775486","0.35487661574618096","0.2045977011494253","30","6","30","28","false","Samwell-Tarly","11.166666666666666","0","30","2","0","0.9691884611067461","false","0","Samwell-Tarly","25140","0.11056105610561057"
"3.73841059602649","0.0","0.2674933569530558","0.0","1","7","1","1","false","Wynton-Stout","18.0","0","1","0","0","0.9535862610842968","false","0","Wynton-Stout","0","0.0"
"2.705298013245033","0.02343196487630288","0.36964504283965727","0.3888888888888889","9","5","9","0","false","Aerys-II-Targaryen","26.22222222222222","0","9","9","0","0.9710966438433045","false","0","Aerys-II-Targaryen","10552","0.24528301886792453"
"3.5463576158940397","0.017602184275720915","0.2819794584500467","0.1","5","6","5","1","false","Arthur-Dayne","5.4","0","5","4","0","0.956841396340779","false","0","Arthur-Dayne","8040","0.25263157894736843"
"2.7119205298013247","0.006259751215893883","0.3687423687423687","0.3956043956043956","14","5","14","1","false","Brienne-of-Tarth","24.357142857142858","0","14","13","0","0.9709843977999776","false","0","Brienne-of-Tarth","3916","0.18176972281449894"
"3.7019867549668874","0.0","0.2701252236135957","0.0","1","6","1","1","false","Rossart","9.0","0","1","0","0","0.9542036143225952","false","0","Rossart","0","0.0"
"2.423841059602649","0.032705879744901564","0.412568306010929","0.2684729064039409","29","4","29","27","false","Tywin-Lannister","19.448275862068964","0","29","2","0","0.9758671006847008","false","0","Tywin-Lannister","18926","0.11816652649285113"
"2.80794701986755","0.016268659095815888","0.3561320754716981","0.38095238095238093","7","5","7","7","false","Viserys-Targaryen","20.571428571428573","0","7","0","0","0.9693568301717365","false","0","Viserys-Targaryen","10108","0.21654135338345865"
"5.039735099337748","0.0","0.19842312746386334","1.0","2","8","2","0","false","Aggo","3.0","0","2","2","0","0.9315299135705467","false","0","Aggo","0","1.0"
"4.046357615894039","0.003300257420078766","0.24713584288052376","0.6666666666666666","3","7","3","2","false","Jhogo","9.666666666666666","0","3","1","0","0.9483668200695926","false","0","Jhogo","3020","0.38666666666666666"
"4.046357615894039","0.003300257420078766","0.24713584288052376","0.6666666666666666","3","7","3","3","false","Rakharo","9.666666666666666","0","3","0","0","0.9483668200695926","false","0","Rakharo","3020","0.38666666666666666"
"3.1589403973509933","0.0","0.3165618448637317","1.0","3","5","3","0","false","Alayaya","36.333333333333336","0","3","3","0","0.9634077898754069","false","0","Alayaya","0","0.5677083333333334"
"2.8973509933774833","0.001155119732033046","0.34514285714285714","0.48484848484848486","12","5","12","1","false","Bronn","21.666666666666668","0","12","11","0","0.9678415085868223","false","0","Bronn","858","0.25793650793650796"
"2.4602649006622515","0.02457957654509986","0.4064602960969045","0.25604551920341395","38","5","38","7","false","Cersei-Lannister","17.0","0","38","31","0","0.9752497474464025","false","0","Cersei-Lannister","16786","0.11333333333333333"
"3.7880794701986753","0.0","0.263986013986014","1.0","2","6","2","0","false","Alerie-Hightower","11.5","0","2","2","0","0.9527444157593445","false","0","Alerie-Hightower","0","0.7666666666666667"
"2.8046357615894038","0.005279246540665033","0.3565525383707202","0.5151515151515151","12","5","12","3","false","Mace-Tyrell","25.333333333333332","0","12","9","0","0.9694129531933999","false","0","Mace-Tyrell","4154","0.23030303030303031"
"2.9072847682119205","0.002643019174253423","0.3439635535307517","0.6","11","5","11","5","false","Margaery-Tyrell","23.636363636363637","0","11","6","0","0.9676731395218318","false","0","Margaery-Tyrell","2486","0.2748414376321353"
"3.2417218543046356","9.793785300730724E-4","0.3084780388151175","0.8","5","6","5","0","false","Alester-Florent","13.2","0","5","5","0","0.9620047143338197","false","0","Alester-Florent","678","0.36666666666666664"
"3.2317880794701987","0.0027700612771695715","0.3094262295081967","0.5714285714285714","8","6","8","1","false","Axell-Florent","10.0","0","8","7","0","0.9621730833988101","false","0","Axell-Florent","1660","0.2777777777777778"
"2.9205298013245033","0.028365961837756463","0.3424036281179138","0.23529411764705882","17","5","17","4","false","Davos-Seaworth","8.941176470588236","0","17","13","0","0.9674486474351779","false","0","Davos-Seaworth","11212","0.12167606768734891"
"3.9072847682119205","7.333905377952813E-6","0.2559322033898305","0.8333333333333334","4","6","4","3","false","Lamprey","8.25","0","4","1","0","0.9507239869794589","false","0","Lamprey","2","0.4852941176470588"
"2.966887417218543","5.353190557976024E-4","0.3370535714285714","0.8","6","5","6","5","false","Selyse-Florent","20.0","0","6","1","0","0.9666629251318891","false","0","Selyse-Florent","390","0.28169014084507044"
"3.3443708609271523","0.0","0.299009900990099","1.0","3","6","3","0","false","Alla-Tyrell","18.0","0","3","3","0","0.9602649006622517","false","0","Alla-Tyrell","0","0.375"
"3.3443708609271523","0.0","0.299009900990099","1.0","3","6","3","1","false","Elinor-Tyrell","18.0","0","3","2","0","0.9602649006622517","false","0","Elinor-Tyrell","0","0.375"
"3.3443708609271523","0.0","0.299009900990099","1.0","3","6","3","2","false","Megga-Tyrell","18.0","0","3","1","0","0.9602649006622517","false","0","Megga-Tyrell","0","0.375"
"2.3543046357615895","0.08960324716980081","0.42475386779184243","0.15691489361702127","48","5","48","40","false","Sansa-Stark","14.4375","0","48","8","0","0.9770456841396341","false","0","Sansa-Stark","42182","0.08518244575936884"
"3.1324503311258276","0.007641282339265327","0.3192389006342495","0.4","10","6","10","6","false","Qhorin-Halfhand","16.3","0","10","4","0","0.9638567740487148","false","0","Qhorin-Halfhand","3142","0.22816901408450704"
"3.162251655629139","2.555026767031335E-4","0.3162303664921466","0.7","5","5","5","0","false","Amory-Lorch","23.6","0","5","5","0","0.9633516668537434","false","0","Amory-Lorch","140","0.34202898550724636"
"2.615894039735099","0.03295757874824815","0.38227848101265827","0.4069264069264069","22","5","22","9","false","Gregor-Clegane","21.272727272727273","0","22","13","0","0.9726119654282187","false","0","Gregor-Clegane","16528","0.15162337662337663"
"3.2350993377483444","0.004230332515675133","0.3091095189355169","0.4","6","5","6","5","false","Vargo-Hoat","14.333333333333334","0","6","1","0","0.9621169603771467","false","0","Vargo-Hoat","2874","0.28104575163398693"
"3.662251655629139","0.0","0.2730560578661845","0.0","1","6","1","0","false","Anders-Yronwood","16.0","0","1","1","0","0.9548770905825569","false","0","Anders-Yronwood","0","0.0"
"3.7847682119205297","0.006622516556291391","0.2642169728783902","0.3333333333333333","3","6","3","0","false","Andrew-Estermont","8.0","0","3","3","0","0.952800538781008","false","0","Andrew-Estermont","2562","0.42592592592592593"
"2.9900662251655628","0.007129567822894821","0.3344407530454042","0.5333333333333333","6","6","6","2","false","Edric-Storm","15.0","0","6","4","0","0.9662700639802447","false","0","Edric-Storm","3078","0.26785714285714285"
"4.781456953642384","0.0","0.20914127423822715","0.0","1","7","1","1","false","Gerald-Gower","3.0","0","1","0","0","0.9359075092602986","false","0","Gerald-Gower","0","0.0"
"3.2119205298013247","0.003212690385419064","0.311340206185567","0.5555555555555556","9","6","9","0","false","Anguy","12.555555555555555","0","9","9","0","0.962509821528791","false","0","Anguy","2796","0.29894179894179895"
"2.2582781456953644","0.09478718390397506","0.4428152492668621","0.23123123123123124","37","5","37","1","false","Arya-Stark","18.324324324324323","0","37","36","0","0.9786732517678752","false","0","Arya-Stark","44046","0.09121621621621621"
"2.956953642384106","0.005120346477400698","0.3381858902575588","0.509090909090909","11","5","11","2","false","Beric-Dondarrion","17.454545454545453","0","11","9","0","0.9668312941968795","false","0","Beric-Dondarrion","3150","0.22966507177033493"
"3.2152317880794703","2.242079644117003E-5","0.31101956745623066","0.7619047619047619","7","6","7","3","false","Greenbeard","13.857142857142858","0","7","4","0","0.9624536985071276","false","0","Greenbeard","12","0.3222591362126246"
"3.2152317880794703","1.3096259603487166E-5","0.31101956745623066","0.8571428571428571","7","6","7","5","false","Harwin","15.857142857142858","0","7","2","0","0.9624536985071276","false","0","Harwin","8","0.3687707641196013"
"3.993377483443709","0.0","0.25041459369817576","1.0","2","6","2","1","false","Husband","12.0","0","2","1","0","0.9492647884162083","false","0","Husband","0","0.8"
"3.0","0.016715283002320284","0.3333333333333333","0.3619047619047619","15","5","15","10","false","Lem","12.266666666666667","0","15","5","0","0.9661016949152542","false","0","Lem","9286","0.16944444444444445"
"2.662251655629139","0.009872168692630206","0.3756218905472637","0.44285714285714284","21","5","21","17","false","Sandor-Clegane","20.38095238095238","0","21","4","0","0.9718262431249298","false","0","Sandor-Clegane","7066","0.1741961741961742"
"3.986754966887417","5.50042903346461E-6","0.25083056478405313","0.8333333333333334","4","6","4","3","false","Sharna","9.5","0","4","1","0","0.9493770344595353","false","0","Sharna","2","0.6333333333333333"
"3.1953642384105962","0.0013666558417408567","0.31295336787564765","0.5555555555555556","9","6","9","9","false","Tom-of-Sevenstreams","11.666666666666666","0","9","0","0","0.9627904366371085","false","0","Tom-of-Sevenstreams","1364","0.2536231884057971"
"3.301324503311258","0.0","0.3029087261785356","0.0","1","6","1","0","false","Arson","52.0","0","1","1","0","0.960994499943877","false","0","Arson","0","0.0"
"3.980132450331126","0.0048974388138242715","0.2512479201331115","0.42857142857142855","8","6","8","0","false","Arstan","8.125","0","8","8","0","0.9494892805028623","false","0","Arstan","6342","0.2801724137931034"
"4.033112582781457","0.002244713145823484","0.24794745484400657","0.42857142857142855","7","7","7","1","false","Belwas","8.142857142857142","0","7","6","0","0.9485913121562465","false","0","Belwas","3096","0.32571428571428573"
"4.966887417218543","0.0","0.20133333333333334","1.0","2","7","2","2","false","Illyrio-Mopatis","7.5","0","2","0","0","0.9327646200471433","false","0","Illyrio-Mopatis","0","0.75"
"4.0364238410596025","4.400343226771688E-5","0.24774405250205087","0.7333333333333333","6","7","6","4","false","Jhiqui","10.166666666666666","0","6","2","0","0.948535189134583","false","0","Jhiqui","16","0.4066666666666667"
"3.7350993377483444","0.004766582912054839","0.26773049645390073","0.3333333333333333","12","6","12","9","false","Jorah-Mormont","7.083333333333333","0","12","3","0","0.9536423841059603","false","0","Jorah-Mormont","3320","0.21464646464646464"
"4.049668874172186","0.0","0.24693376941946032","1.0","2","7","2","2","false","Kraznys-mo-Nakloz","16.0","0","2","0","0","0.948310697047929","false","0","Kraznys-mo-Nakloz","0","0.64"
"4.039735099337748","0.006622516556291391","0.24754098360655738","0.5","4","7","4","4","false","Mero","11.25","0","4","0","0","0.9484790661129195","false","0","Mero","3314","0.44"
"3.0927152317880795","0.015011610460995063","0.3233404710920771","0.25","8","5","8","5","false","Rhaegar-Targaryen","11.375","0","8","3","0","0.9645302503086767","false","0","Rhaegar-Targaryen","11000","0.20601851851851852"
"3.152317880794702","0.01705146748893346","0.3172268907563025","0.3333333333333333","4","5","4","2","false","Gerold-Hightower","14.75","0","4","2","0","0.9635200359187338","false","0","Gerold-Hightower","6600","0.2783018867924528"
"4.102649006622516","0.013201029680315064","0.2437449556093624","0.3333333333333333","4","6","4","3","false","Lewyn-Martell","3.25","0","4","1","0","0.9474127287013133","false","0","Lewyn-Martell","5224","0.3611111111111111"
"4.5364238410596025","0.006622516556291391","0.22043795620437956","0.0","2","7","2","2","false","Smiling-Knight","3.0","0","2","0","0","0.9400606128633966","false","0","Smiling-Knight","2884","0.5"
"2.506622516556291","0.040118545687188464","0.3989431968295905","0.2647058823529412","17","5","17","2","false","Bran-Stark","21.352941176470587","0","17","15","0","0.9744640251431137","false","0","Bran-Stark","19594","0.11764705882352941"
"2.9635761589403975","3.9166672015255314E-4","0.33743016759776534","0.6190476190476191","7","5","7","1","false","Brynden-Tully","26.142857142857142","0","7","6","0","0.9667190481535526","false","0","Brynden-Tully","340","0.28110599078341014"
"2.9503311258278146","0.0","0.3389450056116723","1.0","10","5","10","2","false","Dunsen","22.5","0","10","8","0","0.9669435402402065","false","0","Dunsen","0","0.2848101265822785"
"2.3443708609271523","0.019580719703792798","0.4265536723163842","0.5166666666666667","16","5","16","5","false","Eddard-Stark","32.125","0","16","11","0","0.9772140532046246","false","0","Eddard-Stark","14700","0.16275380710659898"
"2.870860927152318","4.890918058060368E-4","0.3483275663206459","0.6944444444444444","9","5","9","4","false","Elmar-Frey","28.0","0","9","5","0","0.9682904927601301","false","0","Elmar-Frey","472","0.25688073394495414"
"2.993377483443709","0.008845004877821127","0.33407079646017696","0.509090909090909","11","5","11","2","false","Gendry","13.454545454545455","0","11","9","0","0.9662139409585812","false","0","Gendry","3946","0.23444976076555024"
"3.225165562913907","9.05971906936597E-4","0.3100616016427105","0.8","5","6","5","2","false","Hot-Pie","15.2","0","5","3","0","0.9622853294421372","false","0","Hot-Pie","974","0.3619047619047619"
"2.8675496688741724","1.6552071327914308E-4","0.348729792147806","0.9272727272727272","11","5","11","4","false","Ilyn-Payne","25.727272727272727","0","11","7","0","0.9683466157817936","false","0","Ilyn-Payne","202","0.28585858585858587"
"3.2549668874172184","0.0","0.3072227873855544","0.0","1","6","1","1","false","Mad-Huntsman","37.0","0","1","0","0","0.9617802222471658","false","0","Mad-Huntsman","0","0.0"
"2.748344370860927","0.00118347538440603","0.363855421686747","0.6761904761904762","15","5","15","8","false","Meryn-Trant","25.8","0","15","7","0","0.9703670445616792","false","0","Meryn-Trant","1088","0.22434782608695653"
"3.0298013245033113","0.0","0.3300546448087432","1.0","3","5","3","2","false","Mycah","36.0","0","3","1","0","0.9655965877202829","false","0","Mycah","0","0.5454545454545454"
"3.172185430463576","0.006622516556291391","0.31524008350730687","0.3333333333333333","3","6","3","3","false","Nan","18.333333333333332","0","3","0","0","0.9631832977887529","false","0","Nan","2052","0.4"
"3.2549668874172184","0.0","0.3072227873855544","0.0","1","6","1","1","false","Pate-(Old)","37.0","0","1","0","0","0.9617802222471658","false","0","Pate-(Old)","0","0.0"
"2.9006622516556293","2.5800168379973813E-4","0.3447488584474886","0.9090909090909091","11","5","11","7","false","Polliver","24.727272727272727","0","11","4","0","0.9677853855651588","false","0","Polliver","234","0.26588465298142716"
"2.9503311258278146","0.0","0.3389450056116723","1.0","10","5","10","8","false","Rafford","22.5","0","10","2","0","0.9669435402402065","false","0","Rafford","0","0.2848101265822785"
"3.2549668874172184","0.0","0.3072227873855544","0.0","1","6","1","1","false","Ravella-Swann","37.0","0","1","0","0","0.9617802222471658","false","0","Ravella-Swann","0","0.0"
"2.8741721854304636","6.521118957440794E-4","0.347926267281106","0.6666666666666666","7","6","7","4","false","Rickon-Stark","24.857142857142858","0","7","3","0","0.9682343697384667","false","0","Rickon-Stark","358","0.22597402597402597"
"2.685430463576159","0.008796282358128462","0.3723797780517879","0.37142857142857144","15","5","15","10","false","Roose-Bolton","21.933333333333334","0","15","5","0","0.9714333819732854","false","0","Roose-Bolton","6024","0.15555555555555556"
"2.890728476821192","0.0048822431081293055","0.3459335624284078","0.5555555555555556","9","5","9","9","false","Thoros-of-Myr","19.444444444444443","0","9","0","0","0.9679537546301492","false","0","Thoros-of-Myr","2590","0.24005486968449932"
"2.9503311258278146","0.0","0.3389450056116723","1.0","10","5","10","10","false","Tickler","22.5","0","10","0","0","0.9669435402402065","false","0","Tickler","0","0.2848101265822785"
"2.7649006622516556","0.009013360171194534","0.36167664670658684","0.4722222222222222","9","5","9","5","false","Melisandre","22.333333333333332","0","9","4","0","0.9700864294533618","false","0","Melisandre","4538","0.18457300275482094"
"3.910596026490066","0.0","0.25571549534292976","1.0","3","6","3","3","false","Porridge","9.666666666666666","0","3","0","0","0.9506678639577955","false","0","Porridge","0","0.5686274509803921"
"3.2417218543046356","1.4667810755905625E-5","0.3084780388151175","0.8","5","6","5","4","false","Salladhor-Saan","13.6","0","5","1","0","0.9620047143338197","false","0","Salladhor-Saan","4","0.37777777777777777"
"3.274834437086093","0.0","0.30535894843276035","0.0","1","6","1","0","false","Azor-Ahai","31.0","0","1","1","0","0.9614434841171848","false","0","Azor-Ahai","0","0.0"
"3.1026490066225167","0.0","0.3223052294557097","1.0","3","5","3","0","false","Baelor-I-Targaryen","48.333333333333336","0","3","3","0","0.9643618812436862","false","0","Baelor-I-Targaryen","0","0.6277056277056277"
"3.1754966887417218","0.006622516556291391","0.3149113660062565","0.0","2","5","2","0","false","Ballabar","30.0","0","2","2","0","0.9631271747670894","false","0","Ballabar","1760","0.5"
"4.172185430463577","0.0","0.23968253968253966","0.0","1","6","1","1","false","Frenken","2.0","0","1","0","0","0.94623414524638","false","0","Frenken","0","0.0"
"2.9536423841059603","0.0","0.33856502242152464","1.0","3","5","3","0","false","Balon-Greyjoy","36.333333333333336","0","3","3","0","0.966887417218543","false","0","Balon-Greyjoy","0","0.43253968253968256"
"2.877483443708609","6.915383850994055E-5","0.3475258918296893","0.8666666666666667","6","5","6","0","false","Balon-Swann","30.333333333333332","0","6","6","0","0.9681782467168032","false","0","Balon-Swann","138","0.337037037037037"
"3.0397350993377485","3.2337687174764464E-5","0.3289760348583878","0.6666666666666666","7","5","7","1","false","Boros-Blount","27.0","0","7","6","0","0.9654282186552924","false","0","Boros-Blount","18","0.3253012048192771"
"2.80794701986755","0.0010011617316492457","0.3561320754716981","0.5","13","5","13","6","false","Loras-Tyrell","21.46153846153846","0","13","7","0","0.9693568301717365","false","0","Loras-Tyrell","896","0.20636094674556213"
"2.827814569536424","6.444098488277935E-5","0.35362997658079626","0.8214285714285714","8","5","8","6","false","Osmund-Kettleblack","34.25","0","8","2","0","0.9690200920417555","false","0","Osmund-Kettleblack","38","0.3325242718446602"
"3.8112582781456954","0.0","0.26238053866203304","1.0","2","7","2","0","false","Bannen","18.0","0","2","2","0","0.9523515546077002","false","0","Bannen","0","0.6"
"3.543046357615894","4.1689245812639113E-4","0.2822429906542056","0.6666666666666666","6","6","6","2","false","Dywen","13.333333333333334","0","6","4","0","0.9568975193624425","false","0","Dywen","320","0.3418803418803419"
"2.9006622516556293","0.014154701616298494","0.3447488584474886","0.4","5","5","5","0","false","Barristan-Selmy","22.2","0","5","5","0","0.9677853855651588","false","0","Barristan-Selmy","10608","0.2846153846153846"
"3.7781456953642385","1.3689956705511918E-5","0.26468010517090274","0.9","5","7","5","0","false","Bedwyck","14.8","0","5","5","0","0.952912784824335","false","0","Bedwyck","8","0.4111111111111111"
"3.1125827814569536","0.01154307518382648","0.32127659574468087","0.2948717948717949","13","6","13","3","false","Craster","13.846153846153847","0","13","10","0","0.9641935121786958","false","0","Craster","5750","0.18607068607068608"
"4.039735099337748","3.52027458141735E-5","0.24754098360655738","0.6666666666666666","3","7","3","1","false","Ben-Plumm","12.666666666666666","0","3","2","0","0.9484790661129195","false","0","Ben-Plumm","12","0.4691358024691358"
"4.049668874172186","0.0","0.24693376941946032","1.0","2","7","2","2","false","Oznak-zo-Pahl","15.5","0","2","0","0","0.948310697047929","false","0","Oznak-zo-Pahl","0","0.62"
"4.029801324503311","0.013230365301826875","0.24815119145439604","0.38095238095238093","7","7","7","1","false","Daario-Naharis","7.571428571428571","0","7","6","0","0.94864743517791","false","0","Daario-Naharis","6578","0.29120879120879123"
"2.8609271523178808","0.0014653248538199952","0.34953703703703703","0.5","4","6","4","0","false","Benjen-Stark","28.25","0","4","4","0","0.9684588618251208","false","0","Benjen-Stark","1466","0.32848837209302323"
"3.73841059602649","0.0","0.2674933569530558","1.0","2","6","2","1","false","Jack-Bulwer","10.0","0","2","1","0","0.9535862610842968","false","0","Jack-Bulwer","0","0.7142857142857143"
"3.2980132450331126","0.0","0.3032128514056225","1.0","2","6","2","0","false","Big-Boil","31.0","0","2","2","0","0.9610506229655404","false","0","Big-Boil","0","0.5961538461538461"
"3.2450331125827816","4.193073091447165E-4","0.3081632653061224","0.4888888888888889","10","6","10","10","false","Ygritte","12.7","0","10","0","0","0.9619485913121563","false","0","Ygritte","110","0.2189655172413793"
"4.26158940397351","0.0","0.23465423465423468","0.0","1","6","1","0","false","Biter","5.0","0","1","1","0","0.944718823661466","false","0","Biter","0","0.0"
"3.2649006622516556","0.009133274925070335","0.30628803245436104","0.3","5","5","5","2","false","Rorge","11.2","0","5","3","0","0.9616118531821753","false","0","Rorge","3582","0.2391304347826087"
"3.725165562913907","0.0","0.26844444444444443","0.0","1","6","1","0","false","Blane","18.0","0","1","1","0","0.9538107531709508","false","0","Blane","0","0.0"
"2.7119205298013247","0.0030317404947411567","0.3687423687423687","0.5128205128205128","13","5","13","11","false","Tommen-Baratheon","27.153846153846153","0","13","2","0","0.9709843977999776","false","0","Tommen-Baratheon","2070","0.21550671550671552"
"3.1390728476821192","0.001108810172952578","0.31856540084388185","0.5333333333333333","10","6","10","0","false","Bowen-Marsh","16.4","0","10","10","0","0.9637445280053878","false","0","Bowen-Marsh","1266","0.2342857142857143"
"3.5860927152317883","1.3946193657261304E-4","0.2788550323176362","0.5357142857142857","8","6","8","7","false","Othell-Yarwyck","11.0","0","8","1","0","0.9561679200808172","false","0","Othell-Yarwyck","138","0.34375"
"3.4701986754966887","6.033232813365463E-5","0.2881679389312977","0.0","2","6","2","1","false","Coldhands","12.5","0","2","1","0","0.9581322258390391","false","0","Coldhands","64","0.6052631578947368"
"3.486754966887417","0.0","0.28679962013295346","1.0","3","6","3","1","false","Hodor","9.333333333333334","0","3","2","0","0.9578516107307218","false","0","Hodor","0","0.49122807017543857"
"3.3211920529801326","5.792671507368107E-4","0.30109670987038883","0.6","6","6","6","4","false","Jojen-Reed","12.666666666666666","0","6","2","0","0.9606577618138961","false","0","Jojen-Reed","352","0.2814814814814815"
"3.122516556291391","0.005710055152271433","0.32025450689289503","0.3333333333333333","9","6","9","2","false","Jon-Umber-(Greatjon)","14.666666666666666","0","9","7","0","0.9640251431137054","false","0","Jon-Umber-(Greatjon)","4800","0.21890547263681592"
"3.334437086092715","2.991792243698271E-4","0.2999006951340616","0.7","5","6","5","4","false","Meera-Reed","12.8","0","5","1","0","0.9604332697272422","false","0","Meera-Reed","192","0.29767441860465116"
"2.9172185430463577","2.0140380473486445E-4","0.3427922814982974","0.8333333333333334","4","6","4","4","false","Theon-Greyjoy","31.25","0","4","0","0","0.9675047704568414","false","0","Theon-Greyjoy","128","0.31565656565656564"
"3.1589403973509933","0.0","0.3165618448637317","1.0","3","6","3","0","false","Brandon-Stark","24.0","0","3","3","0","0.9634077898754069","false","0","Brandon-Stark","0","0.4528301886792453"
"3.3410596026490067","0.0","0.2993062438057483","1.0","2","6","2","0","false","Brella","28.5","0","2","2","0","0.9603210236839151","false","0","Brella","0","0.57"
"2.9139072847682117","0.0016372165053044666","0.3431818181818182","0.5","9","5","9","5","false","Shae","25.11111111111111","0","9","4","0","0.9675608934785048","false","0","Shae","1026","0.29198966408268734"
"3.443708609271523","0.0","0.2903846153846154","0.0","1","6","1","0","false","Brenett","38.0","0","1","1","0","0.9585812100123471","false","0","Brenett","0","0.0"
"3.1754966887417218","0.0","0.3149113660062565","1.0","3","5","3","2","false","Cleos-Frey","32.333333333333336","0","3","1","0","0.9631271747670894","false","0","Cleos-Frey","0","0.49743589743589745"
"3.2450331125827816","0.0","0.3081632653061224","1.0","4","5","4","2","false","Qyburn","19.75","0","4","2","0","0.9619485913121563","false","0","Qyburn","0","0.395"
"3.2417218543046356","0.006622516556291391","0.3084780388151175","0.6","5","5","5","5","false","Walton","15.8","0","5","0","0","0.9620047143338197","false","0","Walton","2750","0.3183673469387755"
"3.1589403973509933","6.109707326402226E-5","0.3165618448637317","0.6","6","5","6","1","false","Lollys-Stokeworth","17.166666666666668","0","6","5","0","0.9634077898754069","false","0","Lollys-Stokeworth","18","0.2814207650273224"
"3.152317880794702","0.0","0.3172268907563025","1.0","4","5","4","2","false","Mandon-Moore","31.25","0","4","2","0","0.9635200359187338","false","0","Mandon-Moore","0","0.4807692307692308"
"3.0827814569536423","2.85058864628071E-5","0.32438238453276047","0.8333333333333334","4","5","4","1","false","Podrick-Payne","37.0","0","4","3","0","0.9646986193736671","false","0","Podrick-Payne","26","0.4567901234567901"
"2.9172185430463577","0.0020811685918058413","0.3427922814982974","0.44871794871794873","13","5","13","3","false","Edmure-Tully","17.46153846153846","0","13","10","0","0.9675047704568414","false","0","Edmure-Tully","2084","0.18775847808105872"
"2.9768211920529803","4.3866887110989393E-4","0.335928809788654","0.7","5","5","5","4","false","Rickard-Karstark","29.6","0","5","1","0","0.9664945560668986","false","0","Rickard-Karstark","548","0.3523809523809524"
"3.347682119205298","0.0","0.2987141444114738","1.0","2","6","2","0","false","Butterbumps","28.0","0","2","2","0","0.9602087776405882","false","0","Butterbumps","0","0.5833333333333334"
"2.9172185430463577","8.493953336829411E-4","0.3427922814982974","0.7142857142857143","8","5","8","6","false","Olenna-Redwyne","29.125","0","8","2","0","0.9675047704568414","false","0","Olenna-Redwyne","492","0.3386627906976744"
"4.1092715231788075","0.0","0.24335213537469785","0.0","1","7","1","0","false","Byam-Flint","13.0","0","1","1","0","0.9473004826579864","false","0","Byam-Flint","0","0.0"
"3.218543046357616","0.0","0.31069958847736623","1.0","3","6","3","1","false","Dacey-Mormont","30.333333333333332","0","3","2","0","0.9623975754854641","false","0","Dacey-Mormont","0","0.5229885057471264"
"3.2152317880794703","1.0445770910481898E-4","0.31101956745623066","0.6666666666666666","4","6","4","1","false","Desmond-Grell","25.5","0","4","3","0","0.9624536985071276","false","0","Desmond-Grell","32","0.4396551724137931"
"2.9503311258278146","0.0015014058999914608","0.3389450056116723","0.5357142857142857","8","5","8","2","false","Hoster-Tully","22.25","0","8","6","0","0.9669435402402065","false","0","Hoster-Tully","1210","0.25"
"3.437086092715232","0.006622516556291391","0.2909441233140655","0.0","2","6","2","1","false","Jason-Mallister","19.5","0","2","1","0","0.958693456055674","false","0","Jason-Mallister","2496","0.5"
"3.2019867549668874","0.004306302279808643","0.312306101344364","0.6","5","6","5","2","false","Jeyne-Westerling","22.4","0","5","3","0","0.9626781905937816","false","0","Jeyne-Westerling","3648","0.37"
"3.165562913907285","0.001746270596395717","0.3158995815899581","0.4","11","6","11","4","false","Lothar-Frey","13.909090909090908","0","11","7","0","0.9632955438320798","false","0","Lothar-Frey","934","0.21933621933621933"
"2.6456953642384105","0.01250489993538963","0.3779724655819775","0.3626373626373626","14","5","14","5","false","Lysa-Arryn","23.214285714285715","0","14","9","0","0.9721068582332473","false","0","Lysa-Arryn","6836","0.17940199335548174"
"3.2119205298013247","1.2834334411417421E-5","0.311340206185567","0.8333333333333334","4","6","4","3","false","Maege-Mormont","24.75","0","4","1","0","0.962509821528791","false","0","Maege-Mormont","4","0.4194915254237288"
"3.2119205298013247","0.0","0.311340206185567","1.0","4","6","4","3","false","Marq-Piper","27.75","0","4","1","0","0.962509821528791","false","0","Marq-Piper","0","0.4703389830508475"
"2.705298013245033","0.02322939721774258","0.36964504283965727","0.2857142857142857","15","5","15","8","false","Petyr-Baelish","21.533333333333335","0","15","7","0","0.9710966438433045","false","0","Petyr-Baelish","10602","0.16040100250626566"
"3.218543046357616","9.015659361781096E-5","0.31069958847736623","0.6666666666666666","3","6","3","1","false","Raynald-Westerling","29.666666666666668","0","3","2","0","0.9623975754854641","false","0","Raynald-Westerling","28","0.5114942528735632"
"3.1788079470198674","0.0","0.3145833333333333","1.0","2","5","2","2","false","Robin-Ryger","41.5","0","2","0","0","0.963071051745426","false","0","Robin-Ryger","0","0.6384615384615384"
"3.443708609271523","0.0","0.2903846153846154","0.0","1","6","1","1","false","Rodrik-Cassel","38.0","0","1","0","0","0.9585812100123471","false","0","Rodrik-Cassel","0","0.0"
"3.205298013245033","0.0","0.3119834710743802","1.0","5","6","5","4","false","Roslin-Frey","24.6","0","5","1","0","0.9626220675721181","false","0","Roslin-Frey","0","0.41"
"3.1887417218543046","0.002637652929816857","0.31360332294911736","0.3333333333333333","6","6","6","5","false","Ryman-Frey","18.166666666666668","0","6","1","0","0.9629026826804354","false","0","Ryman-Frey","1932","0.29508196721311475"
"3.2549668874172184","0.0011522290620906638","0.3072227873855544","0.4","6","6","6","5","false","Tansy","16.166666666666668","0","6","1","0","0.9617802222471658","false","0","Tansy","712","0.28362573099415206"
"3.4403973509933774","0.0","0.2906641000962464","1.0","2","6","2","2","false","Vyman","23.0","0","2","0","0","0.9586373330340106","false","0","Vyman","0","0.6052631578947368"
"3.152317880794702","0.0","0.3172268907563025","1.0","3","5","3","1","false","Ellaria-Sand","37.666666666666664","0","3","2","0","0.9635200359187338","false","0","Ellaria-Sand","0","0.5707070707070707"
"3.437086092715232","0.0","0.2909441233140655","1.0","2","6","2","2","false","Lancel-Lannister","24.5","0","2","0","0","0.958693456055674","false","0","Lancel-Lannister","0","0.6125"
"2.923841059602649","8.461795551188522E-5","0.3420158550396376","0.8095238095238095","7","5","7","4","false","Pycelle","29.428571428571427","0","7","3","0","0.9673925244135144","false","0","Pycelle","36","0.35456110154905335"
"3.076158940397351","1.3771892278415787E-4","0.32508073196986004","0.6428571428571429","8","5","8","8","false","Willas-Tyrell","24.25","0","8","0","0","0.9648108654169941","false","0","Willas-Tyrell","66","0.303125"
"3.1821192052980134","0.0","0.31425598335067634","0.0","1","5","1","0","false","Chataya","59.0","0","1","1","0","0.9630149287237625","false","0","Chataya","0","0.0"
"3.5397350993377485","6.991656460315013E-5","0.2825070159027128","0.8","5","6","5","0","false","Chett","13.8","0","5","5","0","0.956953642384106","false","0","Chett","30","0.345"
"3.552980132450331","0.006622516556291391","0.28145386766076425","0.6","5","6","5","2","false","Lark","12.0","0","5","3","0","0.9567291502974521","false","0","Lark","2520","0.3277777777777778"
"3.5397350993377485","1.4173224570329345E-4","0.2825070159027128","0.6","6","6","6","6","false","Small-Paul","13.0","0","6","0","0","0.956953642384106","false","0","Small-Paul","84","0.325"
"4.052980132450331","0.0","0.24673202614379083","1.0","2","7","2","0","false","Cleon","13.0","0","2","2","0","0.9482545740262656","false","0","Cleon","0","0.5416666666666666"
"4.052980132450331","0.0","0.24673202614379083","1.0","2","7","2","2","false","Ghael","13.0","0","2","0","0","0.9482545740262656","false","0","Ghael","0","0.5416666666666666"
"3.801324503311258","0.0","0.26306620209059234","1.0","2","7","2","0","false","Clubfoot-Karl","21.5","0","2","2","0","0.9525199236726906","false","0","Clubfoot-Karl","0","0.671875"
"3.205298013245033","0.0021742250884111596","0.3119834710743802","0.39285714285714285","8","6","8","2","false","Gilly","17.0","0","8","6","0","0.9626220675721181","false","0","Gilly","1136","0.24456521739130435"
"3.801324503311258","0.0","0.26306620209059234","1.0","2","7","2","1","false","Dirk","21.5","0","2","1","0","0.9525199236726906","false","0","Dirk","0","0.671875"
"3.2317880794701987","0.006874051273320298","0.3094262295081967","0.5277777777777778","9","6","9","8","false","Tormund","14.222222222222221","0","9","1","0","0.9621730833988101","false","0","Tormund","2672","0.23132969034608378"
"3.9172185430463577","0.0","0.25528317836010145","0.0","1","6","1","0","false","Cressen","17.0","0","1","1","0","0.9505556179144685","false","0","Cressen","0","0.0"
"4.039735099337748","0.0","0.24754098360655738","1.0","4","7","4","2","false","Drogo","12.25","0","4","2","0","0.9484790661129195","false","0","Drogo","0","0.47115384615384615"
"4.033112582781457","5.86712430236225E-5","0.24794745484400657","0.7333333333333333","6","7","6","3","false","Irri","9.5","0","6","3","0","0.9485913121562465","false","0","Irri","16","0.36538461538461536"
"5.02317880794702","0.0","0.1990771259063942","1.0","2","8","2","1","false","Prendahl-na-Ghezn","4.5","0","2","1","0","0.931810528678864","false","0","Prendahl-na-Ghezn","0","0.6428571428571429"
"5.02317880794702","0.0","0.1990771259063942","1.0","2","8","2","2","false","Sallor","4.5","0","2","0","0","0.931810528678864","false","0","Sallor","0","0.6428571428571429"
"4.052980132450331","0.0","0.24673202614379083","1.0","2","7","2","1","false","Grey-Worm","18.0","0","2","1","0","0.9482545740262656","false","0","Grey-Worm","0","0.75"
"4.056291390728477","0.0","0.24653061224489795","0.0","1","7","1","1","false","Groleo","24.0","0","1","0","0","0.9481984510046021","false","0","Groleo","0","0.0"
"4.046357615894039","0.0","0.24713584288052376","1.0","4","7","4","4","false","Missandei","12.0","0","4","0","0","0.9483668200695926","false","0","Missandei","0","0.5"
"4.056291390728477","0.0","0.24653061224489795","0.0","1","7","1","1","false","Rhaegel-Targaryen","24.0","0","1","0","0","0.9481984510046021","false","0","Rhaegel-Targaryen","0","0.0"
"3.947019867549669","0.0","0.2533557046979866","0.0","1","6","1","0","false","Daeron-I-Targaryen","8.0","0","1","1","0","0.9500505107194971","false","0","Daeron-I-Targaryen","0","0.0"
"2.9503311258278146","0.013735726451414593","0.3389450056116723","0.35714285714285715","8","5","8","6","false","Shireen-Baratheon","15.5","0","8","2","0","0.9669435402402065","false","0","Shireen-Baratheon","4288","0.21180555555555555"
"3.281456953642384","0.0","0.30474268415741673","1.0","3","6","3","0","false","Dalla","26.0","0","3","3","0","0.9613312380738579","false","0","Dalla","0","0.48148148148148145"
"3.2781456953642385","7.333905377952813E-6","0.305050505050505","0.8333333333333334","4","6","4","4","false","Val","21.25","0","4","0","0","0.9613873610955214","false","0","Val","2","0.39351851851851855"
"3.248344370860927","0.0","0.30784913353720694","1.0","3","6","3","1","false","Devan-Seaworth","17.666666666666668","0","3","2","0","0.9618924682904928","false","0","Devan-Seaworth","0","0.49074074074074076"
"3.7152317880794703","0.0","0.26916221033868093","1.0","2","6","2","1","false","Guncer-Sunglass","13.0","0","2","1","0","0.9539791222359412","false","0","Guncer-Sunglass","0","0.6842105263157895"
"3.248344370860927","0.0","0.30784913353720694","1.0","3","6","3","1","false","Khorane-Sathmantes","17.666666666666668","0","3","2","0","0.9618924682904928","false","0","Khorane-Sathmantes","0","0.49074074074074076"
"3.2350993377483444","2.933562151181125E-5","0.3091095189355169","0.8","5","6","5","3","false","Pylos","13.0","0","5","2","0","0.9621169603771467","false","0","Pylos","8","0.34210526315789475"
"3.2649006622516556","0.0","0.30628803245436104","1.0","2","6","2","2","false","Utherydes-Wayn","26.5","0","2","0","0","0.9616118531821753","false","0","Utherydes-Wayn","0","0.5408163265306123"
"3.2980132450331126","0.0","0.3032128514056225","1.0","2","6","2","0","false","Dick-Follard","30.0","0","2","2","0","0.9610506229655404","false","0","Dick-Follard","0","0.5769230769230769"
"3.26158940397351","1.3856001403030069E-4","0.3065989847715736","0.6071428571428571","8","6","8","7","false","Satin","12.375","0","8","1","0","0.9616679762038388","false","0","Satin","58","0.22098214285714285"
"3.2980132450331126","0.0","0.3032128514056225","1.0","2","6","2","2","false","Mag-Mar-Tun-Doh-Weg","30.0","0","2","0","0","0.9610506229655404","false","0","Mag-Mar-Tun-Doh-Weg","0","0.5769230769230769"
"2.9139072847682117","0.007258338941026602","0.3431818181818182","0.47619047619047616","7","5","7","0","false","Dontos-Hollard","26.285714285714285","0","7","7","0","0.9675608934785048","false","0","Dontos-Hollard","2942","0.30049261083743845"
"3.327814569536424","0.0","0.3004975124378109","1.0","3","6","3","1","false","Lothor-Brune","23.333333333333332","0","3","2","0","0.9605455157705691","false","0","Lothor-Brune","0","0.44025157232704404"
"3.910596026490066","0.0","0.25571549534292976","0.0","1","6","1","1","false","Moon-Boy","7.0","0","1","0","0","0.9506678639577955","false","0","Moon-Boy","0","0.0"
"3.1357615894039736","0.0","0.3189017951425554","1.0","3","5","3","0","false","Doran-Martell","32.333333333333336","0","3","3","0","0.9638006510270513","false","0","Doran-Martell","0","0.48258706467661694"
"4.3907284768211925","0.0","0.22775263951734537","0.0","1","7","1","1","false","Watt","13.0","0","1","0","0","0.94253002581659","false","0","Watt","0","0.0"
"3.294701986754967","7.333905377952813E-6","0.30351758793969846","0.6666666666666666","3","6","3","0","false","Errok","21.0","0","3","3","0","0.961106745987204","false","0","Errok","2","0.40384615384615385"
"3.294701986754967","7.333905377952813E-6","0.30351758793969846","0.6666666666666666","3","6","3","1","false","Grigg","21.0","0","3","2","0","0.961106745987204","false","0","Grigg","2","0.40384615384615385"
"3.2582781456953644","1.2834334411417422E-4","0.30691056910569103","0.7142857142857143","8","6","8","6","false","Styr","15.25","0","8","2","0","0.9617240992255023","false","0","Styr","32","0.27232142857142855"
"5.576158940397351","0.0","0.1793349168646081","0.0","1","8","1","0","false","Galbart-Glover","3.0","0","1","1","0","0.9224379840610619","false","0","Galbart-Glover","0","0.0"
"4.579470198675497","0.006622516556291391","0.21836587129428775","0.3333333333333333","3","7","3","3","false","Robett-Glover","2.0","0","3","0","0","0.9393310135817713","false","0","Robett-Glover","2866","0.5555555555555556"
"3.1821192052980134","0.0","0.31425598335067634","0.0","1","5","1","0","false","Galyeon-of-Cuy","59.0","0","1","1","0","0.9630149287237625","false","0","Galyeon-of-Cuy","0","0.0"
"2.9271523178807946","0.006689704176739049","0.3416289592760181","0.6","6","5","6","0","false","Garlan-Tyrell","29.833333333333332","0","6","6","0","0.967336401391851","false","0","Garlan-Tyrell","2424","0.3531746031746032"
"3.923841059602649","0.0","0.2548523206751055","0.0","1","6","1","1","false","Leonette-Fossoway","6.0","0","1","0","0","0.9504433718711415","false","0","Leonette-Fossoway","0","0.0"
"4.19205298013245","1.100085806692922E-5","0.23854660347551343","0.0","2","7","2","0","false","Gawen-Westerling","3.5","0","2","2","0","0.9458974071163991","false","0","Gawen-Westerling","2","0.625"
"3.26158940397351","0.00229421256034892","0.3065989847715736","0.0","2","6","2","2","false","Sybell-Spicer","25.5","0","2","0","0","0.9616679762038388","false","0","Sybell-Spicer","1878","0.5104166666666666"
"3.2980132450331126","0.0","0.3032128514056225","1.0","2","6","2","0","false","Gendel","27.0","0","2","2","0","0.9610506229655404","false","0","Gendel","0","0.5192307692307693"
"3.2980132450331126","0.0","0.3032128514056225","1.0","2","6","2","1","false","Gorne","27.0","0","2","1","0","0.9610506229655404","false","0","Gorne","0","0.5192307692307693"
"3.9900662251655628","0.0","0.25062240663900415","0.0","1","6","1","1","false","Merrit","11.0","0","1","0","0","0.9493209114378718","false","0","Merrit","0","0.0"
"5.0364238410596025","0.0","0.1985535831689678","0.0","1","8","1","0","false","Grazdan-mo-Eraz","4.0","0","1","1","0","0.9315860365922102","false","0","Grazdan-mo-Eraz","0","0.0"
"3.5927152317880795","0.01973553937207102","0.2783410138248848","0.3333333333333333","3","6","3","1","false","Helman-Tallhart","9.0","0","3","2","0","0.9560556740374903","false","0","Helman-Tallhart","8586","0.3611111111111111"
"3.2549668874172184","1.0421447793562814E-4","0.3072227873855544","0.7142857142857143","7","6","7","3","false","Kegs","15.0","0","7","4","0","0.9617802222471658","false","0","Kegs","56","0.2542372881355932"
"3.26158940397351","1.4667810755905627E-4","0.3065989847715736","0.6071428571428571","8","6","8","2","false","Jarl","14.625","0","8","6","0","0.9616679762038388","false","0","Jarl","38","0.26590909090909093"
"3.7019867549668874","0.0","0.2701252236135957","0.0","1","6","1","0","false","Grisel","15.0","0","1","1","0","0.9542036143225952","false","0","Grisel","0","0.0"
"3.294701986754967","0.006622516556291391","0.30351758793969846","0.0","2","6","2","0","false","Halder","26.5","0","2","2","0","0.961106745987204","false","0","Halder","1992","0.5"
"4.291390728476821","0.0","0.2330246913580247","0.0","1","7","1","1","false","Todder","2.0","0","1","0","0","0.9442137164664945","false","0","Todder","0","0.0"
"3.2880794701986753","4.4003432267716884E-6","0.30412890231621353","0.9","5","6","5","0","false","Hareth-(Moles-Town)","15.6","0","5","5","0","0.961218992030531","false","0","Hareth-(Moles-Town)","2","0.3"
"3.2847682119205297","6.600514840157533E-6","0.30443548387096775","0.9","5","6","5","2","false","Mully","16.2","0","5","3","0","0.9612751150521944","false","0","Mully","4","0.30566037735849055"
"3.281456953642384","1.100085806692922E-5","0.30474268415741673","0.8666666666666667","6","6","6","6","false","Spare-Boot","14.5","0","6","0","0","0.9613312380738579","false","0","Spare-Boot","6","0.27358490566037735"
"3.2582781456953644","0.0032508090116289997","0.30691056910569103","0.6071428571428571","8","6","8","0","false","Harma","14.25","0","8","8","0","0.9617240992255023","false","0","Harma","2502","0.2544642857142857"
"3.2450331125827816","0.003541662070956712","0.3081632653061224","0.5777777777777777","10","6","10","5","false","Rattleshirt","13.3","0","10","5","0","0.9619485913121563","false","0","Rattleshirt","2654","0.2293103448275862"
"3.2781456953642385","0.0","0.305050505050505","1.0","3","6","3","3","false","Varamyr","27.333333333333332","0","3","0","0","0.9613873610955214","false","0","Varamyr","0","0.49696969696969695"
"4.235099337748345","0.0","0.2361219702892885","1.0","2","7","2","2","false","Weeper","9.0","0","2","0","0","0.9451678078347738","false","0","Weeper","0","0.8181818181818182"
"4.582781456953643","0.0","0.21820809248554912","1.0","2","7","2","1","false","Randyll-Tarly","3.0","0","2","1","0","0.9392748905601078","false","0","Randyll-Tarly","0","0.75"
"2.980132450331126","0.0","0.33555555555555555","1.0","3","5","3","0","false","High-Septon-(Tyrions)","38.666666666666664","0","3","3","0","0.9664384330452351","false","0","High-Septon-(Tyrions)","0","0.5370370370370371"
"3.9966887417218544","0.0","0.2502071251035625","0.0","1","6","1","0","false","Jack-Be-Lucky","15.0","0","1","1","0","0.9492086653945448","false","0","Jack-Be-Lucky","0","0.0"
"2.6556291390728477","7.659588460866554E-4","0.3765586034912718","0.75","9","5","9","4","false","Renly-Baratheon","33.22222222222222","0","9","5","0","0.9719384891682568","false","0","Renly-Baratheon","808","0.2657777777777778"
"3.274834437086093","0.0","0.30535894843276035","1.0","2","5","2","2","false","Shagwell","25.0","0","2","0","0","0.9614434841171848","false","0","Shagwell","0","0.5319148936170213"
"3.2847682119205297","0.0","0.30443548387096775","0.0","1","5","1","1","false","Urswyck","45.0","0","1","0","0","0.9612751150521944","false","0","Urswyck","0","0.0"
"4.433774834437086","0.0","0.22554144884241972","0.0","1","7","1","1","false","Tytos-Blackwood","2.0","0","1","0","0","0.9418004265349647","false","0","Tytos-Blackwood","0","0.0"
"3.5860927152317883","0.013235603805668267","0.2788550323176362","0.0","4","6","4","4","false","Thoren-Smallwood","10.5","0","4","0","0","0.9561679200808172","false","0","Thoren-Smallwood","5442","0.296875"
"3.4205298013245033","0.0","0.29235237173281703","0.0","1","5","1","0","false","Joanna-Lannister","29.0","0","1","1","0","0.9589740711639915","false","0","Joanna-Lannister","0","0.0"
"2.937086092715232","0.0","0.34047350620067646","1.0","4","5","4","1","false","Myrcella-Baratheon","42.5","0","4","3","0","0.9671680323268604","false","0","Myrcella-Baratheon","0","0.5059523809523809"
"2.9701986754966887","0.0019151439844053877","0.3366778149386845","0.5","4","5","4","3","false","Paxter-Redwyne","30.75","0","4","1","0","0.9666068021102256","false","0","Paxter-Redwyne","810","0.4178082191780822"
"3.1788079470198674","3.8985230200308627E-4","0.3145833333333333","0.6666666666666666","3","6","3","0","false","Jon-Arryn","15.0","0","3","3","0","0.963071051745426","false","0","Jon-Arryn","260","0.45454545454545453"
"3.3112582781456954","2.843347699721876E-4","0.302","0.6","5","6","5","4","false","Robert-Arryn","16.6","0","5","1","0","0.9608261308788866","false","0","Robert-Arryn","178","0.29642857142857143"
"3.2980132450331126","0.0","0.3032128514056225","1.0","2","6","2","1","false","Orell","31.0","0","2","1","0","0.9610506229655404","false","0","Orell","0","0.5961538461538461"
"3.2847682119205297","0.0","0.30443548387096775","1.0","4","6","4","2","false","Ryk","20.25","0","4","2","0","0.9612751150521944","false","0","Ryk","0","0.375"
"3.301324503311258","0.0","0.3029087261785356","0.0","1","6","1","1","false","Zei","52.0","0","1","0","0","0.960994499943877","false","0","Zei","0","0.0"
"3.26158940397351","0.0","0.3065989847715736","1.0","2","6","2","1","false","Jon-Umber-(Smalljon)","29.0","0","2","1","0","0.9616679762038388","false","0","Jon-Umber-(Smalljon)","0","0.58"
"3.2582781456953644","0.001714137738706462","0.30691056910569103","0.6666666666666666","3","6","3","2","false","Robin-Flint","20.0","0","3","1","0","0.9617240992255023","false","0","Robin-Flint","1662","0.4"
"4.1158940397351","0.0","0.24296057924376507","1.0","2","7","2","2","false","Wendel-Manderly","6.0","0","2","0","0","0.9471882366146593","false","0","Wendel-Manderly","0","0.6666666666666666"
"5.096026490066225","0.0","0.19623131903833657","1.0","2","7","2","0","false","Jonothor-Darry","3.0","0","2","2","0","0.9305758222022674","false","0","Jonothor-Darry","0","0.75"
"5.096026490066225","0.0","0.19623131903833657","1.0","2","7","2","2","false","Oswell-Whent","3.0","0","2","0","0","0.9305758222022674","false","0","Oswell-Whent","0","0.75"
"3.728476821192053","0.0","0.2682060390763765","0.0","1","6","1","0","false","Joramun","22.0","0","1","1","0","0.9537546301492872","false","0","Joramun","0","0.0"
"3.3509933774834435","0.0","0.2984189723320158","0.0","1","6","1","0","false","Kella","48.0","0","1","1","0","0.9601526546189247","false","0","Kella","0","0.0"
"3.2152317880794703","0.007247158915965191","0.31101956745623066","0.0","4","6","4","4","false","Willem-Lannister","15.75","0","4","0","0","0.9624536985071276","false","0","Willem-Lannister","3238","0.27314814814814814"
"4.549668874172186","0.0","0.2197962154294032","0.0","1","7","1","1","false","Softfoot","5.0","0","1","0","0","0.9398361207767426","false","0","Softfoot","0","0.0"
"3.172185430463576","0.0","0.31524008350730687","1.0","3","5","3","2","false","Symon-Silver-Tongue","24.666666666666668","0","3","1","0","0.9631832977887529","false","0","Symon-Silver-Tongue","0","0.4111111111111111"
"3.1125827814569536","6.624524649430594E-5","0.32127659574468087","0.8333333333333334","4","5","4","3","false","Tanda-Stokeworth","30.5","0","4","1","0","0.9641935121786958","false","0","Tanda-Stokeworth","36","0.4178082191780822"
"3.665562913907285","3.058571901941684E-5","0.2728093947606143","0.0","2","6","2","1","false","Merrett-Frey","13.0","0","2","1","0","0.9548209675608934","false","0","Merrett-Frey","16","0.5714285714285714"
"3.26158940397351","0.0","0.3065989847715736","1.0","2","6","2","2","false","Walder-Rivers","30.0","0","2","0","0","0.9616679762038388","false","0","Walder-Rivers","0","0.6"
"4.16887417218543","0.0","0.23987291501191424","0.0","1","7","1","0","false","Luwin","3.0","0","1","1","0","0.9462902682680435","false","0","Luwin","0","0.0"
"3.3311258278145695","0.0","0.30019880715705766","1.0","3","6","3","1","false","Marillion","22.333333333333332","0","3","2","0","0.9604893927489057","false","0","Marillion","0","0.42948717948717946"
"3.5794701986754967","3.229537618219935E-5","0.2793709528214616","0.0","2","6","2","1","false","Mathis-Rowan","9.0","0","2","1","0","0.9562801661241441","false","0","Mathis-Rowan","12","0.5333333333333333"
"3.652317880794702","0.0","0.27379873073436084","0.0","1","6","1","0","false","Maegor-I-Targaryen","16.0","0","1","1","0","0.9550454596475474","false","0","Maegor-I-Targaryen","0","0.0"
"4.582781456953643","0.0","0.21820809248554912","0.0","1","7","1","0","false","Mallador-Locke","4.0","0","1","1","0","0.9392748905601078","false","0","Mallador-Locke","0","0.0"
"3.4072847682119205","1.496903295861832E-4","0.293488824101069","0.0","2","5","2","0","false","Martyn-Lannister","16.5","0","2","2","0","0.9591985632506453","false","0","Martyn-Lannister","192","0.5344827586206896"
"3.3509933774834435","0.0","0.2984189723320158","0.0","1","6","1","0","false","Mordane","48.0","0","1","1","0","0.9601526546189247","false","0","Mordane","0","0.0"
"4.228476821192053","0.0","0.23649177760375883","0.0","1","7","1","0","false","Munda","9.0","0","1","1","0","0.9452800538781008","false","0","Munda","0","0.0"
"4.23841059602649","0.0","0.2359375","0.0","1","6","1","0","false","Nage","5.0","0","1","1","0","0.9451116848131104","false","0","Nage","0","0.0"
"3.26158940397351","0.0","0.3065989847715736","1.0","2","6","2","0","false","Olyvar-Frey","27.5","0","2","2","0","0.9616679762038388","false","0","Olyvar-Frey","0","0.55"
"3.334437086092715","0.0","0.2999006951340616","1.0","2","6","2","0","false","Oswell-Kettleblack","31.5","0","2","2","0","0.9604332697272422","false","0","Oswell-Kettleblack","0","0.6057692307692307"
"4.582781456953643","0.0","0.21820809248554912","0.0","1","7","1","0","false","Ottyn-Wythers","4.0","0","1","1","0","0.9392748905601078","false","0","Ottyn-Wythers","0","0.0"
"3.947019867549669","0.0","0.2533557046979866","0.0","1","6","1","0","false","Patchface","8.0","0","1","1","0","0.9500505107194971","false","0","Patchface","0","0.0"
"3.2682119205298013","0.0","0.3059777102330294","0.0","1","6","1","0","false","Perwyn-Frey","49.0","0","1","1","0","0.9615557301605119","false","0","Perwyn-Frey","0","0.0"
"3.7019867549668874","0.0","0.2701252236135957","0.0","1","6","1","1","false","Yohn-Royce","15.0","0","1","0","0","0.9542036143225952","false","0","Yohn-Royce","0","0.0"
"3.9900662251655628","7.333905377952813E-6","0.25062240663900415","0.0","2","6","2","0","false","Petyr-Frey","9.0","0","2","2","0","0.9493209114378718","false","0","Petyr-Frey","2","0.5714285714285714"
"4.129139072847682","0.0","0.2421812349639134","0.0","1","7","1","1","false","Ragwyle","10.0","0","1","0","0","0.9469637445280055","false","0","Ragwyle","0","0.0"
"3.248344370860927","0.0","0.30784913353720694","1.0","2","6","2","0","false","Ramsay-Snow","32.0","0","2","2","0","0.9618924682904928","false","0","Ramsay-Snow","0","0.6153846153846154"
"3.2649006622516556","0.0","0.30628803245436104","1.0","2","6","2","2","false","Rollam-Westerling","26.0","0","2","0","0","0.9616118531821753","false","0","Rollam-Westerling","0","0.5306122448979592"
"3.76158940397351","0.0","0.2658450704225352","1.0","2","6","2","1","false","Rhaella-Targaryen","7.5","0","2","1","0","0.9531933999326524","false","0","Rhaella-Targaryen","0","0.6818181818181818"
"3.2682119205298013","0.0","0.3059777102330294","0.0","1","6","1","1","false","Rolph-Spicer","49.0","0","1","0","0","0.9615557301605119","false","0","Rolph-Spicer","0","0.0"
"3.2682119205298013","0.0","0.3059777102330294","0.0","1","6","1","1","false","Tristifer-IV-Mudd","49.0","0","1","0","0","0.9615557301605119","false","0","Tristifer-IV-Mudd","0","0.0"
"4.2218543046357615","0.0","0.23686274509803923","1.0","2","6","2","2","false","Zollo","5.5","0","2","0","0","0.9453922999214277","false","0","Zollo","0","0.6875"
"3.119205298013245","0.0","0.3205944798301486","1.0","2","5","2","2","false","Tysha","53.5","0","2","0","0","0.9640812661353688","false","0","Tysha","0","0.7328767123287672"
"5.533112582781457","0.0","0.18073010173548773","0.0","1","8","1","0","false","Simon-Toyne","2.0","0","1","1","0","0.9231675833426872","false","0","Simon-Toyne","0","0.0"
"4.211920529801325","0.0","0.23742138364779874","0.0","1","7","1","0","false","Tion-Frey","4.0","0","1","1","0","0.9455606689864182","false","0","Tion-Frey","0","0.0"
